title,price,sold_quantity
"Chromecast Audio, Como Nuevo!!",650,0
Chromecast Convierte Tu Tv En Smart Tv,650,0
"Chromecast Como Nuevo!!! Presentaciones, Peliculas En Tu Tv",700,0
Chromecast 2da Generación ,750,0
Chromecast 2.0,779,0
Cable De Alimentación De Mini Usb 2pcs Pack P - 222384710029,789,0
Google Chromecast 2 ,790,0
Chromecast Audio,790,0
Google Chromecast 2.0 Hdmi Mediastream Modelo 2015 Tv Lcd,795,28
Google Chromecast 2  Promoción Nuevo- Rojo- Amarillo- Negro,799,307
"Google Chromecast 2 Hdmi,compatible Ios Y Android.",799,1
Chromecast Video,800,0
Chromecast 2 Generacion,800,0
Chromecast 2,820,4
Google Chromecast 2 / Tv Streaming,849,0
Chromecast 2,850,1
Chromecast Novo,850,0
Google Chromecast Audio Y Video,850,0
Chromecast 2 Nuevo,850,0
Chromecast 2da Generación Nuevo,850,0
Google Chromecast 2nd Generacion (2018 Model) - Black - Nc2-,860,233
Google Chromecast 2 Hdmi Modelo 2016 Nuevo Envio Gratis,864,37
Exinoz Cable Micro Usb Diseñado Para Fuego Tv Chromecast Rok,868.7,0
Google Chromecast V2 Nuevo - Convierte Tu Tele En Smart Tv,870,0
Hdmi Extender Para Google Chromecast Hdmi Streaming Media Pl,870.76,0
"Chromacast 4 Dedo Pulgar 1 Escoja Pack, Negro, Grande",873.89,0
Tvpower Mini Cable Usb Para Alimentar Roku Streaming Palo,886.07,1
Google Chromecast 2 Envio Gratis,889,23
Google Chromecast 2nd Generacion Nuevo Modelo Promoción!,890,370
Google - Chromecast 2 (2015) Negro Hdmi Android Apple Ios,890,5
Google Chromecast 2gen Nuevo Sellado Garantía 100% Original ,898,1
Google Chromecast Reproductor De Medios Con Hdmi Vv4,899,15
Google Chrome Cast,899,3
Chromecast Combierte Tu Proyector O Pantalla Smart Tv,899,0
Navidad Google Chromecast 2 (2016) Negro Hdmi Android Apple,899,0
El Mas Barato Google Chromecast 2.0,899.99,5
Chromecast,900,0
Chromecast Para Tv. Nuevo,900,0
Chromecast Nuevo,900,0
Google Chromecast 2a Generacion Nuevo. Color Rojo O Amarillo,909,0
Exinoz Cable Micro Usb Diseñado Para El Chromecast Roku Y Fu,918.69,0
"Google Chromecast Netflix, Youtube, Android, Vevo En Tu Tv",939,71
Chromecast 2018 ,939,0
Chromecast 2nda Generación Streaming Hdmi Android/ios,940,39
Chromecast 2da Generación ,940,0
Google Chromecast 2nd Generacion (2018 Modelo) Black - Nc2-,948,453
Google Chromecast 2 Generacion Nuevo + Envio Gratis,949,19
Chromecast 2018  Nc2-6a5,949,0
Chromecast 2 Google 2015 Original Ios Android Smart Tv Iphon,949,27
Google - Chromecast Audio - Negro,950,15
Chromecast,950,0
"Google Chromecast 2 Wifi, Netflix, Blim, Youtube, Spotify",950,4
Google Chromecast 2 Negro,970,7
Simplificar Sostenedor De La Esponja Con 2 Ventosas Chrome P,981.92,0
Misión Cables Mc1 Tvpower Cable Usb Power Para Chromecast,983.82,0
Tvpower Mini Cable Usb Para La Alimentación De Roku Streamin,986.19,0
De Google Chromecast 2 Media Streamer Video A - 152711537262,989,0
Google Chromecast Digital Hdmi 2ª Generación  - 272856074111,989,0
Nuevo Chromecast 1080p 2 Hdmi Digital Media S - 142513777344,989,0
De Google Chromecast 2 Video Streamer Adaptad - 302482777911,989,0
De Google Chromecast 2 Media Streamer Video A - 253165726636,989,0
De Google Chromecast 2 Media Streamer Video A - 192312414469,989,0
Nuevo Chromecast 1080p 2 Hdmi Digital Media S - 222651957147,989,0
Nuevo Chromecast 1080p 2 Hdmi Digital Media S - 222651958204,989,0
Caliente Hdmi Digital Media Streamer Video Ad - 142513774237,989,0
Sincronización Digital Hdmi Media Streamer Ad - 253165732046,989,0
Caliente Hdmi Digital Media Streamer Video Ad - 182779498442,989,0
Sincronización Digital Hdmi Media Streamer Ad - 192312425346,989,0
Sincronización Digital Hdmi Media Streamer Ad - 253165726085,989,0
Google - Chromecast 2 (2015)  Negro Hdmi Android Apple Ios,990,86
Google Chromecast Adaptador Hdmi Android Ios - Full-hd Wifi,990,87
Google Chromecast 2.0,990.99,2
Tvpower Cable Usb Power Para Chromecast,996,0
"Google Chromecast 2 Wifi, Netflix, Blim, Youtube, Spotify",999,17
Chromecast 2 (video) Lanzamiento,999,8
Chromecast Convierte Tu Pantalla En Smart Tv,999,0
Chromecast Google,999,2
Chromecast 2 (audio) Lanzamiento,999,0
Chromecast Combierte Tu Proyector O Pantalla Smart Tv,999,1
Google Chromecast Nuevo,1000,0
Roku Cable Usb - 8 Pulgadas Por Cable Usb Diseñado Para Alim,1009,0
Exinoz Cable Micro Usb Diseñado Para El Chromecast Roku Y Fu,1009,0
Accell Usb-c A Hdmi 1.4 Adaptador - 4k Uhd @ 30hz - Compatib,1013.55,0
M2 Más Miracast Dlna Airplay Palo Empujar Goo - 322612538107,1019,0
Viajes Khanka Bolso Duro Del Almacenaje De Google Chromecast,1020.02,0
Tvpower Mini Usb 1a Cable De Alimentación Para La Alimentaci,1028.75,0
Hdmi Anycast Miracast Chromecast Dongle Para - 401308603552,1029,0
Miracast Chromecast Hdmi Wifi Pantalla Tv Don - 122158002023,1049,0
Miracast Chromecast Hdmi Wifi Pantalla Tv Don - 122395062499,1049,0
Para Miracast Chromecast 2 Hdmi Digital Media - 192408888620,1049,0
Allcast Smart Media Player Tv Stick Google Ch - 272902058211,1049,0
Allcast Media Player Tv Stick Google Chromeca - 122789947752,1049,0
Chromacast Cc-spb-bag Bolsa Palillo,1049.81,0
"Google Chromecast 2, Hdmi, Nuevo, Envio Gratuito",1050,0
Tvpower Mini 1a Usb Cable De Alimentación Para La Alimentaci,1078,0
Transmisor Google Chromecast - Hdmi,1079,6
Cable Usb De Mission Power Para Alimentar El Nuevo Chromeca.,1098,0
Google Chromecast Audio Spotify Musica Nuevo Envio Gratis,1099,0
Google Chromecast,1099,0
Navidad Google Chromecast 2 (2015) Negro Hdmi Android Apple,1099,0
" Google Chromecast,(2 Generacion)",1099,0
Mudder Usb Cable De Alimentación Para Chromecast Roku Y Amaz,1107.71,0
Dispositivo Google Chromecast Video Lemonade - Resolución Es,1119,0
Sincronización Digital Hdmi Media Streamer Ad - 322653987360,1119,0
Google Chromecast 2 Generacion Nuevo + Envio Gratis,1124,0
Para Ios Q1 Android Wifi Pantalla Dongle Inte - 192145059584,1139,0
Kit Google Chromecast Hdmi Cable De Extensión,1153.4,0
Tvpower Cable Usb Para Alimentar Roku 3,1192.13,0
Reproductor Google Chromecast Audio Spotify Nuevo Original,1199,1
Chromecast,1199,0
360° Rotación Negro 2017 Nuevo Ipad 9.7 Funda - 112786513846,1209,0
Google Chromecast Hdmi Tv Wifi Adaptador Multimedia Original,1229,0
Google Chromecast Hdmi Streaming Media Player Reproductor,1250,2
Amazon Fire Tv Stick Con Alexa Voice,1289,0
"Reproductor Multimedia Google Chromecast 2g Hdmi, Wifi ",1299,0
Google Chromecast 2 2018 Nuevo / Tv Streaming * Envío Gratis,1299.49,4
Chromecast 2 Google Negro Video Hdmi,1300,0
Fire Tv Stick Mejor Que Roku Chromecast +,1300,0
1080p Hdmi Digital Media Streamer Video Adapt - 152718023819,1319,0
Dispositivo Google Chromecast Video Lemonade,1350,0
Chromecast Adaptador Smarttv Original Rojo Google Hdmi,1378,0
Google Chromecast Hdmi  Tv Wifi Adaptador Video--original,1399,3
"Chrome Cast Nuevo ,varios Colores. Envío Gratis!!",1399,0
Chromecast 2 Video Smart Tv Hdmi Adaptador Google Original,1400,1
Dispositivo De Transmisión De Video Chromecast Wi-fi,1400,0
2 º Nuevo Gen Voz Remota Dr49wk G Para Amazon - 222389170015,1409,0
Google - Chromecast - Negro,1437.72,0
Erisan Actualización Ezm2 Aircast Wifi Hdmi Dongle Streaming,1501.79,0
Chromecast Hdmi,1550,0
Google Chromecast,1550,4
Actiontec - Screenbeam Mini 2 Receptor Wireless Display - Ne,1589.19,0
Lote De Chromecast De 2 Piezas,1600,3
Google Nc2-6a5 Chromecast Ultra En Color Negro 4k,1650,5
Chromecast Ultra 4k Streaming Black,1650,0
Chromecast Ultra 4k Uhd,1650,0
"Google Chromecast Smart Tv Netflix, Youtube Y Chrome",1699.99,1
Google Chromecast Hdmi Streaming Media Player,1707.42,0
"Google Hdmi Poppy Cable Hdmi Chromecast, Poppy",1708,0
"Google Hdmi Poppy Cable Hdmi Chromecast, Poppy",1708.9,0
Google Chromecast Ultra 4k 2016 Mediastreaming Msi Express,1750,43
Google Chromecast Hdmi Streaming Media Player,1782,0
Google Chromecast Ultra Digital Media Streamer 4k Msi Gratis,1790,2
Google Chromecast Ultra,1798.99,0
Chromecast Ultra Nuevo / Sellado,1799,48
Chromecast Ultra 4k Nuevo + Envío Gratis,1799,2
Google - Chromecast Audio Color Negro Wifi Reproductor,1799,0
Google - Chromecast Video - Negro Reproductor Wifi,1799,0
Google Chromecast,2173,0
Google Chromecast Hdmi Streaming Media Player,2286.77,0
